J,v,e/f,State,Lambda,Sigma,LT (ps),Delta_C (ps),Tag,Type,Unc (ps),E
26.5,0,e,A2Sigma+,0,0.5,477899.0019,38175.0881,P,Ca,128975.8985,43374.43908
27.5,0,e,A2Sigma+,0,-0.5,161310.9419,19778.13858,P,Ca,50427.21755,44137.34501
28.5,0,e,A2Sigma+,0,0.5,86810.79909,3895.831057,P,Ca,14313.12695,44917.12712
29.5,0,e,A2Sigma+,0,-0.5,41109.94939,530.3430687,P,Ca,5463.536995,45712.61278
30.5,0,e,A2Sigma+,0,0.5,18401.77769,429.1145241,P,Ca,2637.327847,46522.59253
31.5,0,e,A2Sigma+,0,-0.5,8226.499198,269.8384995,P,Ca,1257.018403,47345.82083
32.5,0,e,A2Sigma+,0,0.5,4015.383261,167.6758273,P,Ca,649.5218186,48181.01246
33.5,0,e,A2Sigma+,0,-0.5,2282.53306,39.99107731,P,Ca,313.8950445,49026.844
34.5,0,e,A2Sigma+,0,0.5,1264.921066,20.1036133,P,Ca,171.8941413,49881.94705
35.5,0,e,A2Sigma+,0,-0.5,679.6405651,15.77280138,P,Ca,97.3296692,50744.91189
24.5,0,f,A2Sigma+,0,-0.5,2203179.683,327245.2296,P,Ca,1406803.274,42624.52387
26.5,0,f,A2Sigma+,0,-0.5,298887.8442,20681.63347,P,Ca,77470.32388,44132.04892
27.5,0,f,A2Sigma+,0,0.5,131165.0515,3268.78901,P,Ca,28190.1488,44911.70367
28.5,0,f,A2Sigma+,0,-0.5,52434.06117,3695.815338,P,Ca,9987.902678,45707.06796
29.5,0,f,A2Sigma+,0,0.5,26370.20297,809.3431066,P,Ca,3973.767463,46516.93277
30.5,0,f,A2Sigma+,0,-0.5,12572.6204,558.2184402,P,Ca,2066.932888,47340.05223
31.5,0,f,A2Sigma+,0,0.5,6132.891296,333.60094,P,Ca,1069.547895,48175.14149
32.5,0,f,A2Sigma+,0,-0.5,3103.984737,130.6469972,P,Ca,503.1251657,49020.87677
33.5,0,f,A2Sigma+,0,0.5,1638.149759,20.18015867,P,Ca,216.7581297,49875.89009
34.5,0,f,A2Sigma+,0,-0.5,903.4887721,6.753252262,P,Ca,115.1719049,50738.77142
16.5,1,e,A2Sigma+,0,0.5,867281.6903,117464.5969,P,Ca,282248.118,39668.67892
17.5,1,e,A2Sigma+,0,-0.5,435649.9614,22122.35356,P,Ca,104895.8462,40177.80665
19.5,1,e,A2Sigma+,0,-0.5,90851.16073,7138.323993,P,Ca,18040.46328,41270.25386
20.5,1,e,A2Sigma+,0,0.5,39626.1132,1487.360792,P,Ca,6242.494376,41851.88803
21.5,1,e,A2Sigma+,0,-0.5,20803.03238,632.4767396,P,Ca,3128.840625,42455.93834
22.5,1,e,A2Sigma+,0,0.5,10395.52605,395.3971156,P,Ca,1642.860242,43081.46212
23.5,1,e,A2Sigma+,0,-0.5,5748.850272,135.5314853,P,Ca,825.3935179,43727.47635
24.5,1,e,A2Sigma+,0,0.5,2937.048729,133.6225191,P,Ca,486.0683666,44392.95864
25.5,1,e,A2Sigma+,0,-0.5,1753.275589,95.81319849,P,Ca,306.2062692,45076.84605
26.5,1,e,A2Sigma+,0,0.5,1044.642561,21.80151264,P,Ca,147.15862,45778.03518
27.5,1,e,A2Sigma+,0,-0.5,596.4737285,14.39012625,P,Ca,85.96697367,46495.38125
28.5,1,e,A2Sigma+,0,0.5,372.6002962,2.758989261,P,Ca,47.4710248,47227.69704
29.5,1,e,A2Sigma+,0,-0.5,229.9459583,9.204471512,P,Ca,36.7979865,47973.66648
30.5,1,e,A2Sigma+,0,0.5,148.0125878,0.606733401,P,Ca,18.36824393,48731.90623
31.5,1,e,A2Sigma+,0,-0.5,95.88099984,0.478712406,P,Ca,11.98443239,49501.07765
32.5,1,e,A2Sigma+,0,0.5,65.65509699,0.233235569,P,Ca,8.111847207,50279.70784
33.5,1,e,A2Sigma+,0,-0.5,43.92566271,0.157973893,P,Ca,5.429053418,51066.2279
15.5,1,f,A2Sigma+,0,0.5,1406270.558,195539.8446,P,Ca,884612.418,39665.29984
16.5,1,f,A2Sigma+,0,-0.5,691150.2056,42255.77632,P,Ca,173574.3154,40174.24933
17.5,1,f,A2Sigma+,0,0.5,253988.2815,25606.06261,P,Ca,73863.83611,40708.20825
18.5,1,f,A2Sigma+,0,-0.5,133468.3146,8079.718836,P,Ca,33438.69861,41266.3544
19.5,1,f,A2Sigma+,0,0.5,66330.08559,1160.660276,P,Ca,9120.270546,41847.82509
20.5,1,f,A2Sigma+,0,-0.5,30966.62218,1824.888463,P,Ca,5540.883125,42451.7176
21.5,1,f,A2Sigma+,0,0.5,15965.67113,455.3464218,P,Ca,2371.226958,43077.08925
22.5,1,f,A2Sigma+,0,-0.5,7932.60228,548.8976107,P,Ca,1500.809884,43722.9574
23.5,1,f,A2Sigma+,0,0.5,4217.900127,58.22642916,P,Ca,564.3744444,44388.29995
24.5,1,f,A2Sigma+,0,-0.5,2396.248703,49.07074847,P,Ca,336.6205929,45072.05412
25.5,1,f,A2Sigma+,0,0.5,1310.776633,12.69752852,P,Ca,169.9907245,45773.11689
26.5,1,f,A2Sigma+,0,-0.5,750.6296999,20.24550163,P,Ca,110.3210656,46490.34366
27.5,1,f,A2Sigma+,0,0.5,461.1255031,7.556105596,P,Ca,62.89116596,47222.54753
28.5,1,f,A2Sigma+,0,-0.5,288.8597691,7.103760665,P,Ca,41.76693296,47968.49806
29.5,1,f,A2Sigma+,0,0.5,188.4282973,1.915800191,P,Ca,24.52719587,48726.5599
30.5,1,f,A2Sigma+,0,-0.5,110.951416,0.424505217,P,Ca,13.73867514,49495.65045
31.5,1,f,A2Sigma+,0,0.5,73.90489462,0.20807923,P,Ca,9.076666585,50274.21061
32.5,1,f,A2Sigma+,0,-0.5,47.31798059,0.154408464,P,Ca,5.832566135,51060.67251
0.5,2,e,A2Sigma+,0,0.5,171563.0208,4514.913962,P,Ca,37111.88792,38222.2427
1.5,2,e,A2Sigma+,0,-0.5,162717.0997,2879.329098,P,Ca,33795.57805,38252.91445
2.5,2,e,A2Sigma+,0,0.5,135393.2427,4691.99974,P,Ca,30416.71586,38314.10119
3.5,2,e,A2Sigma+,0,-0.5,112583.3711,3448.354419,P,Ca,24839.19493,38405.70436
4.5,2,e,A2Sigma+,0,0.5,90252.28218,2266.654319,P,Ca,13096.92818,38527.57564
5.5,2,e,A2Sigma+,0,-0.5,65551.43532,1917.047038,P,Ca,9783.219277,38679.51847
6.5,2,e,A2Sigma+,0,0.5,60715.1351,2904.248536,P,Ca,10190.06475,38861.28784
7.5,2,e,A2Sigma+,0,-0.5,33854.28451,1853.892292,P,Ca,5916.406434,39072.59117
8.5,2,e,A2Sigma+,0,0.5,27614.43692,346.6050738,P,Ca,3660.337504,39313.0888
9.5,2,e,A2Sigma+,0,-0.5,16548.84669,856.811926,P,Ca,2842.673529,39582.39473
10.5,2,e,A2Sigma+,0,0.5,11140.36095,345.4376713,P,Ca,1682.280985,39880.07742
11.5,2,e,A2Sigma+,0,-0.5,7692.847937,212.1225964,P,Ca,1135.264349,40205.66106
12.5,2,e,A2Sigma+,0,0.5,4610.252148,95.02508838,P,Ca,648.2553461,40558.62617
13.5,2,e,A2Sigma+,0,-0.5,3332.764344,92.28812411,P,Ca,492.2198453,40938.41133
14.5,2,e,A2Sigma+,0,0.5,2072.619421,106.5043915,P,Ca,355.218722,41344.41385
15.5,2,e,A2Sigma+,0,-0.5,1352.416044,25.36078938,P,Ca,187.6507147,41775.99182
16.5,2,e,A2Sigma+,0,0.5,887.082656,19.98638965,P,Ca,126.4363084,42232.46497
17.5,2,e,A2Sigma+,0,-0.5,653.6901715,8.044565518,P,Ca,86.48738609,42713.11684
18.5,2,e,A2Sigma+,0,0.5,407.8307128,2.305603929,P,Ca,51.24528946,43217.19603
19.5,2,e,A2Sigma+,0,-0.5,313.7333354,1.250858903,P,Ca,38.89885915,43743.91833
20.5,2,e,A2Sigma+,0,0.5,210.3917573,7.007672178,P,Ca,32.25468305,44289.22782
21.5,2,e,A2Sigma+,0,-0.5,146.7943359,1.112884366,P,Ca,18.72820468,44857.12889
22.5,2,e,A2Sigma+,0,0.5,110.8584731,0.543359847,P,Ca,13.84637662,45444.59746
23.5,2,e,A2Sigma+,0,-0.5,78.84208451,0.266340267,P,Ca,9.727390408,46050.59497
24.5,2,e,A2Sigma+,0,0.5,59.94276849,0.164258734,P,Ca,7.357390953,46674.02912
25.5,2,e,A2Sigma+,0,-0.5,45.05361322,0.130670565,P,Ca,5.537104151,47313.74955
26.5,2,e,A2Sigma+,0,0.5,34.21628717,0.160514713,P,Ca,4.266469173,47968.54197
27.5,2,e,A2Sigma+,0,-0.5,25.01525996,0.090976266,P,Ca,3.092807462,48637.12001
28.5,2,e,A2Sigma+,0,0.5,19.09255507,0.071490283,P,Ca,2.362596891,49318.11397
29.5,2,e,A2Sigma+,0,-0.5,14.0017999,0.038294634,P,Ca,1.718510623,50010.05496
30.5,2,e,A2Sigma+,0,0.5,10.21566632,0.026581012,P,Ca,1.252460971,50711.35244
31.5,2,e,A2Sigma+,0,-0.5,7.610239789,0.018656584,P,Ca,0.931885359,51420.26135
0.5,2,f,A2Sigma+,0,-0.5,167208.9827,7917.983064,P,Ca,39687.68977,38252.59556
1.5,2,f,A2Sigma+,0,0.5,151196.6519,6195.104065,P,Ca,34922.46793,38313.57148
2.5,2,f,A2Sigma+,0,-0.5,125698.2033,4915.202342,P,Ca,28797.86096,38404.96659
3.5,2,f,A2Sigma+,0,0.5,102797.6493,3310.726461,P,Ca,22842.27982,38526.63347
4.5,2,f,A2Sigma+,0,-0.5,78559.12111,2405.459006,P,Ca,11832.55354,38678.37681
6.5,2,f,A2Sigma+,0,-0.5,51707.37111,731.2625198,P,Ca,6936.147053,39071.06932
7.5,2,f,A2Sigma+,0,0.5,30480.49426,2385.027222,P,Ca,6042.686533,39311.38841
8.5,2,f,A2Sigma+,0,-0.5,22565.81203,869.6041837,P,Ca,3577.501627,39580.52494
9.5,2,f,A2Sigma+,0,0.5,14416.37763,801.9858342,P,Ca,2531.951149,39878.04851
10.5,2,f,A2Sigma+,0,-0.5,9623.044095,640.909644,P,Ca,1795.674935,40203.48432
11.5,2,f,A2Sigma+,0,0.5,5775.811822,360.1318433,P,Ca,1053.229262,40556.31398
12.5,2,f,A2Sigma+,0,-0.5,4026.601383,232.7190343,P,Ca,715.9112002,40935.97714
13.5,2,f,A2Sigma+,0,0.5,2692.00013,116.2217989,P,Ca,439.2618145,41341.8722
14.5,2,f,A2Sigma+,0,-0.5,1772.102985,41.6156559,P,Ca,254.2680141,41773.35831
15.5,2,f,A2Sigma+,0,0.5,1193.052542,11.86924493,P,Ca,155.03555,42229.7563
16.5,2,f,A2Sigma+,0,-0.5,788.9656347,6.578220744,P,Ca,101.2540969,42710.35075
17.5,2,f,A2Sigma+,0,0.5,575.3601132,3.382823739,P,Ca,72.42603732,43214.39137
18.5,2,f,A2Sigma+,0,-0.5,383.1726036,6.777348409,P,Ca,52.75806084,43741.09506
19.5,2,f,A2Sigma+,0,0.5,259.6151565,2.268773446,P,Ca,33.42259223,44289.64776
20.5,2,f,A2Sigma+,0,-0.5,179.3988299,0.84482986,P,Ca,22.37268945,44853.9469
21.5,2,f,A2Sigma+,0,0.5,125.7776692,0.492237941,P,Ca,15.58555824,45441.27877
22.5,2,f,A2Sigma+,0,-0.5,95.50748429,0.363553711,P,Ca,11.82445183,46047.14644
23.5,2,f,A2Sigma+,0,0.5,65.97208963,0.184325817,P,Ca,8.100976572,46670.45809
24.5,2,f,A2Sigma+,0,-0.5,48.10621188,0.156637028,P,Ca,5.929382454,47310.06392
25.5,2,f,A2Sigma+,0,0.5,36.99522332,0.20472868,P,Ca,4.644155478,47964.75026
26.5,2,f,A2Sigma+,0,-0.5,25.89815378,0.07987133,P,Ca,3.187649783,48633.23149
27.5,2,f,A2Sigma+,0,0.5,19.73961874,0.358372764,P,Ca,2.727127013,49314.13878
28.5,2,f,A2Sigma+,0,-0.5,14.58472256,0.027691866,P,Ca,1.777858573,50006.00432
29.5,2,f,A2Sigma+,0,0.5,10.31366477,0.025454007,P,Ca,1.26309378,50707.23892
30.5,2,f,A2Sigma+,0,-0.5,7.667877549,0.029923089,P,Ca,0.950068395,51416.09922
0.5,3,e,A2Sigma+,0,0.5,223.1443056,4.744631968,P,Ca,31.52194864,40815.77213
1.5,3,e,A2Sigma+,0,-0.5,207.6636049,0.492846591,P,Ca,25.41247918,40844.70661
2.5,3,e,A2Sigma+,0,0.5,207.1427272,2.220291119,P,Ca,27.07741839,40902.42757
3.5,3,e,A2Sigma+,0,-0.5,221.2899937,1.472553575,P,Ca,28.02735281,40988.83644
4.5,3,e,A2Sigma+,0,0.5,183.2083531,0.607769795,P,Ca,22.59277217,41103.78425
5.5,3,e,A2Sigma+,0,-0.5,180.2550751,0.586600817,P,Ca,22.21720982,41247.07294
6.5,3,e,A2Sigma+,0,0.5,140.6081087,0.990893286,P,Ca,17.86386634,41418.45467
7.5,3,e,A2Sigma+,0,-0.5,132.6726045,0.973967645,P,Ca,16.89468019,41617.63218
8.5,3,e,A2Sigma+,0,0.5,114.9171929,0.754402782,P,Ca,14.54446592,41844.25867
9.5,3,e,A2Sigma+,0,-0.5,101.7297726,0.552668997,P,Ca,12.76024171,42097.93768
10.5,3,e,A2Sigma+,0,0.5,89.54633471,0.347534285,P,Ca,11.09309445,42378.22318
11.5,3,e,A2Sigma+,0,-0.5,74.05151398,0.234360595,P,Ca,9.120542273,42684.61978
12.5,3,e,A2Sigma+,0,0.5,65.35812107,0.171482895,P,Ca,8.014457424,43016.58225
13.5,3,e,A2Sigma+,0,-0.5,55.59556026,0.140709168,P,Ca,6.8121764,43373.51616
14.5,3,e,A2Sigma+,0,0.5,46.8937029,0.302164464,P,Ca,5.929408812,43754.77717
15.5,3,e,A2Sigma+,0,-0.5,39.54659626,0.108287795,P,Ca,4.853879347,44159.67172
16.5,3,e,A2Sigma+,0,0.5,34.66934803,0.146811298,P,Ca,4.307133061,44587.45642
17.5,3,e,A2Sigma+,0,-0.5,29.12262131,0.083285407,P,Ca,3.577999964,45037.33853
18.5,3,e,A2Sigma+,0,0.5,24.13029476,0.048242741,P,Ca,2.943878113,45508.47561
19.5,3,e,A2Sigma+,0,-0.5,19.90188681,0.051776509,P,Ca,2.440002926,45999.9758
20.5,3,e,A2Sigma+,0,0.5,17.39199151,0.053132777,P,Ca,2.140171758,46510.89749
21.5,3,e,A2Sigma+,0,-0.5,14.24762502,0.126346943,P,Ca,1.836061945,47040.24993
22.5,3,e,A2Sigma+,0,0.5,11.48264623,0.026363366,P,Ca,1.404280914,47586.99226
23.5,3,e,A2Sigma+,0,-0.5,9.767738727,0.018381234,P,Ca,1.190509882,48150.03452
24.5,3,e,A2Sigma+,0,0.5,7.167114647,0.011948133,P,Ca,0.872001891,48728.23705
25.5,3,e,A2Sigma+,0,-0.5,5.515043025,0.009274962,P,Ca,0.671080125,49320.41037
26.5,3,e,A2Sigma+,0,0.5,4.76714349,0.010573303,P,Ca,0.582630522,49925.31611
28.5,3,e,A2Sigma+,0,0.5,3.089684706,0.008420547,P,Ca,0.379182712,51158.45013
0.5,3,f,A2Sigma+,0,-0.5,212.92199,0.646272129,P,Ca,26.19691092,40844.4127
1.5,3,f,A2Sigma+,0,0.5,208.7739762,2.243678254,P,Ca,27.2965554,40901.9377
2.5,3,f,A2Sigma+,0,-0.5,234.3029917,0.61473212,P,Ca,28.73109112,40988.15067
3.5,3,f,A2Sigma+,0,0.5,200.5342437,4.290935318,P,Ca,28.35504456,41102.90246
4.5,3,f,A2Sigma+,0,-0.5,186.4117826,1.195973334,P,Ca,23.56538725,41245.99521
5.5,3,f,A2Sigma+,0,0.5,161.7399785,1.137774526,P,Ca,20.54657194,41417.181
6.5,3,f,A2Sigma+,0,-0.5,145.8684311,0.780909215,P,Ca,18.28512095,41616.16255
7.5,3,f,A2Sigma+,0,0.5,126.3007383,0.591575366,P,Ca,15.74766396,41842.59305
8.5,3,f,A2Sigma+,0,-0.5,111.0197607,0.505388128,P,Ca,13.82775942,42096.07607
9.5,3,f,A2Sigma+,0,0.5,92.18972904,0.330200013,P,Ca,11.3929675,42376.16563
10.5,3,f,A2Sigma+,0,-0.5,76.12817486,0.971524024,P,Ca,10.10690501,42682.36628
11.5,3,f,A2Sigma+,0,0.5,63.67273486,0.204214774,P,Ca,7.844942958,43014.1328
12.5,3,f,A2Sigma+,0,-0.5,56.13474874,0.12936695,P,Ca,6.865536798,43370.87076
13.5,3,f,A2Sigma+,0,0.5,48.6469396,0.347598903,P,Ca,6.185231655,43751.93581
14.5,3,f,A2Sigma+,0,-0.5,41.02872042,0.161537259,P,Ca,5.084983709,44156.6344
15.5,3,f,A2Sigma+,0,0.5,34.01646898,0.11711105,P,Ca,4.199087327,44584.22313
16.5,3,f,A2Sigma+,0,-0.5,28.54743196,0.086954362,P,Ca,3.512646197,45033.90929
17.5,3,f,A2Sigma+,0,0.5,24.52431101,0.309599257,P,Ca,3.252516578,45504.85043
18.5,3,f,A2Sigma+,0,-0.5,20.93891354,0.054191355,P,Ca,2.56686098,45996.15467
19.5,3,f,A2Sigma+,0,0.5,17.45366732,0.051033602,P,Ca,2.14547368,46506.88046
20.5,3,f,A2Sigma+,0,-0.5,13.93957032,0.189535588,P,Ca,1.862284027,47036.03689
21.5,3,f,A2Sigma+,0,0.5,10.90377162,0.026918511,P,Ca,1.335371105,47582.58323
22.5,3,f,A2Sigma+,0,-0.5,9.328777628,0.020197305,P,Ca,1.13965062,48145.42958
23.5,3,f,A2Sigma+,0,0.5,7.131587272,0.012441343,P,Ca,0.868231815,48723.4361
24.5,3,f,A2Sigma+,0,-0.5,5.96591691,0.013549437,P,Ca,0.729459467,49315.41351
25.5,3,f,A2Sigma+,0,0.5,5.084269705,0.014375428,P,Ca,0.624487792,49920.12328
0.5,4,e,A2Sigma+,0,0.5,19.45503772,0.022029214,P,Ca,2.35663374,43201.40611
1.5,4,e,A2Sigma+,0,-0.5,18.64389801,0.023922695,P,Ca,2.261190456,43228.52394
2.5,4,e,A2Sigma+,0,0.5,18.76417535,0.05317071,P,Ca,2.304871751,43282.61452
3.5,4,e,A2Sigma+,0,-0.5,20.06631569,0.377541428,P,Ca,2.785499311,43363.57548
4.5,4,e,A2Sigma+,0,0.5,21.1229947,0.384783784,P,Ca,2.919543149,43471.25229
5.5,4,e,A2Sigma+,0,-0.5,17.12140331,0.088693944,P,Ca,2.143262341,43605.43932
6.5,4,e,A2Sigma+,0,0.5,17.89345094,0.024799161,P,Ca,2.172013274,43765.87942
7.5,4,e,A2Sigma+,0,-0.5,16.05193451,0.133560677,P,Ca,2.059792819,43952.2641
8.5,4,e,A2Sigma+,0,0.5,15.41316621,0.145038397,P,Ca,1.994618342,44164.23337
9.5,4,e,A2Sigma+,0,-0.5,14.33929202,0.03251675,P,Ca,1.753231792,44401.37585
10.5,4,e,A2Sigma+,0,0.5,13.24220075,0.070284238,P,Ca,1.659348327,44663.22858
11.5,4,e,A2Sigma+,0,-0.5,11.48339649,0.019376094,P,Ca,1.397383672,44949.27748
12.5,4,e,A2Sigma+,0,0.5,9.911869332,0.074878386,P,Ca,1.264302706,45258.95669
13.5,4,e,A2Sigma+,0,-0.5,9.179670866,0.022043029,P,Ca,1.123603533,45591.6493
14.5,4,e,A2Sigma+,0,0.5,8.016794334,0.018768014,P,Ca,0.980783334,45946.6866
15.5,4,e,A2Sigma+,0,-0.5,6.658591358,0.011253876,P,Ca,0.810284839,46323.34879
16.5,4,e,A2Sigma+,0,0.5,5.370347444,0.031208228,P,Ca,0.675649921,46720.86439
17.5,4,e,A2Sigma+,0,-0.5,4.631101636,0.013252195,P,Ca,0.568984391,47138.41068
18.5,4,e,A2Sigma+,0,0.5,3.802849548,0.007364635,P,Ca,0.463706581,47575.11335
0.5,4,f,A2Sigma+,0,-0.5,18.77797226,0.025129431,P,Ca,2.278486103,43228.2443
1.5,4,f,A2Sigma+,0,0.5,18.66310138,0.061204043,P,Ca,2.300776209,43282.14841
2.5,4,f,A2Sigma+,0,-0.5,19.6894392,0.031583056,P,Ca,2.394315761,43362.92298
3.5,4,f,A2Sigma+,0,0.5,19.40449658,0.255674065,P,Ca,2.584213654,43470.41327
4.5,4,f,A2Sigma+,0,-0.5,16.6643491,0.132233019,P,Ca,2.131954911,43604.41387
5.5,4,f,A2Sigma+,0,0.5,17.42881122,0.028390143,P,Ca,2.119847489,43764.66754
6.5,4,f,A2Sigma+,0,-0.5,15.48089757,0.329998484,P,Ca,2.187706192,43950.86573
7.5,4,f,A2Sigma+,0,0.5,15.54511843,0.038515185,P,Ca,1.903929397,44162.64852
8.5,4,f,A2Sigma+,0,-0.5,13.79240459,0.03475948,P,Ca,1.68984803,44399.60453
9.5,4,f,A2Sigma+,0,0.5,12.68236435,0.096050723,P,Ca,1.617934445,44661.27084
10.5,4,f,A2Sigma+,0,-0.5,11.35297738,0.022427881,P,Ca,1.384785167,44947.13328
11.5,4,f,A2Sigma+,0,0.5,9.812713424,0.146292815,P,Ca,1.323818426,45256.62605
12.5,4,f,A2Sigma+,0,-0.5,9.274048543,0.017179993,P,Ca,1.130065818,45589.13221
13.5,4,f,A2Sigma+,0,0.5,8.356350367,0.023651556,P,Ca,1.0264136,45943.98305
14.5,4,f,A2Sigma+,0,-0.5,6.724079776,0.013520994,P,Ca,0.820410567,46320.4588
17.5,4,f,A2Sigma+,0,0.5,4.045204236,0.013557915,P,Ca,0.498982423,47571.664
1.5,5,e,A2Sigma+,0,-0.5,2.984504798,0.004364767,P,Ca,0.362505342,45389.54632
2.5,5,e,A2Sigma+,0,0.5,2.98447309,0.006002284,P,Ca,0.364139054,45438.61994
4.5,5,e,A2Sigma+,0,0.5,3.112191538,0.00346806,P,Ca,0.376931045,45613.60248
5.5,5,e,A2Sigma+,0,-0.5,2.688617082,0.001959235,P,Ca,0.324593285,45737.97626
6.5,5,e,A2Sigma+,0,0.5,2.684381688,0.002869591,P,Ca,0.324995393,45886.07296
7.5,5,e,A2Sigma+,0,-0.5,2.674343813,0.002024194,P,Ca,0.322945452,46058.69163
8.5,5,e,A2Sigma+,0,0.5,2.418788445,0.001981315,P,Ca,0.292235929,46255.28401
10.5,5,e,A2Sigma+,0,0.5,2.383446029,0.003065962,P,Ca,0.289079485,46716.11249
12.5,5,e,A2Sigma+,0,0.5,2.11905099,0.00435973,P,Ca,0.258645849,47264.78005
16.5,5,e,A2Sigma+,0,0.5,2.303988394,0.003691738,P,Ca,0.280170345,48602.5459
17.5,5,e,A2Sigma+,0,-0.5,2.671233261,0.004182554,P,Ca,0.324730545,48981.79184
20.5,5,e,A2Sigma+,0,0.5,6.409884722,0.057396405,P,Ca,0.826582571,50208.22641
21.5,5,e,A2Sigma+,0,-0.5,12.27029934,0.049345444,P,Ca,1.521781365,50641.51049
22.5,5,e,A2Sigma+,0,0.5,21.4105048,0.07617885,P,Ca,2.645439426,51083.87783
0.5,5,f,A2Sigma+,0,-0.5,3.007043736,0.003583927,P,Ca,0.364429176,45389.16131
1.5,5,f,A2Sigma+,0,0.5,2.926567216,0.007288293,P,Ca,0.358476358,45438.48041
2.5,5,f,A2Sigma+,0,-0.5,3.171863094,0.030729538,P,Ca,0.411353109,45513.71135
3.5,5,f,A2Sigma+,0,0.5,3.172970235,0.00378121,P,Ca,0.384537638,45613.48843
4.5,5,f,A2Sigma+,0,-0.5,2.782524507,0.004438378,P,Ca,0.338341318,45737.85395
5.5,5,f,A2Sigma+,0,0.5,2.720523444,0.003529276,P,Ca,0.329992089,45885.95098
6.5,5,f,A2Sigma+,0,-0.5,2.691547988,0.003932742,P,Ca,0.326918501,46058.53906
7.5,5,f,A2Sigma+,0,0.5,2.546564953,0.003627952,P,Ca,0.309215747,46254.433
9.5,5,f,A2Sigma+,0,0.5,2.525378076,0.002915711,P,Ca,0.30596108,46714.96139
10.5,5,f,A2Sigma+,0,-0.5,2.326105174,0.003738309,P,Ca,0.28287093,46978.48582
11.5,5,f,A2Sigma+,0,0.5,2.129567741,0.002253941,P,Ca,0.25780207,47263.3457
12.5,5,f,A2Sigma+,0,-0.5,2.289043963,0.004537672,P,Ca,0.279222948,47568.82424
15.5,5,f,A2Sigma+,0,0.5,2.390250176,0.004583487,P,Ca,0.291413508,48600.61458
18.5,5,f,A2Sigma+,0,-0.5,3.683651136,0.008258437,P,Ca,0.450296573,49783.84083
20.5,5,f,A2Sigma+,0,-0.5,9.039201567,0.021495238,P,Ca,1.106199426,50639.16442
21.5,5,f,A2Sigma+,0,0.5,14.980212,0.049987202,P,Ca,1.847612643,51081.49311
0.5,6,e,A2Sigma+,0,0.5,3.705167608,0.006077703,P,Ca,0.450697816,47279.41335
1.5,6,e,A2Sigma+,0,-0.5,3.711179268,0.003356298,P,Ca,0.448697811,47302.60914
2.5,6,e,A2Sigma+,0,0.5,3.755739121,0.047959092,P,Ca,0.498647786,47348.14788
3.5,6,e,A2Sigma+,0,-0.5,3.752072355,0.003940076,P,Ca,0.454188759,47416.51393
4.5,6,e,A2Sigma+,0,0.5,3.950863629,0.004001638,P,Ca,0.478105274,47507.22768
5.5,6,e,A2Sigma+,0,-0.5,4.644776718,0.007345685,P,Ca,0.564718891,47620.39393
6.5,6,e,A2Sigma+,0,0.5,5.302501838,0.006953315,P,Ca,0.643253536,47755.35558
7.5,6,e,A2Sigma+,0,-0.5,5.820044124,0.00769605,P,Ca,0.706101345,47911.77794
8.5,6,e,A2Sigma+,0,0.5,7.846261142,0.071716966,P,Ca,1.013268303,48089.52083
9.5,6,e,A2Sigma+,0,-0.5,9.344521978,0.019269783,P,Ca,1.14061242,48287.6596
10.5,6,e,A2Sigma+,0,0.5,11.95292415,0.109357107,P,Ca,1.543708005,48505.66536
11.5,6,e,A2Sigma+,0,-0.5,16.26843775,0.096232077,P,Ca,2.048444607,48742.86887
12.5,6,e,A2Sigma+,0,0.5,27.53478805,0.080067306,P,Ca,3.384241872,48998.46997
13.5,6,e,A2Sigma+,0,-0.5,39.20074723,0.095418426,P,Ca,4.799508094,49271.56148
14.5,6,e,A2Sigma+,0,0.5,41.78448652,0.127407197,P,Ca,5.141545579,49561.11371
15.5,6,e,A2Sigma+,0,-0.5,29.32090521,0.278999709,P,Ca,3.797508334,49865.95376
16.5,6,e,A2Sigma+,0,0.5,17.05205368,0.271670655,P,Ca,2.317917097,50184.73597
17.5,6,e,A2Sigma+,0,-0.5,9.806944777,0.030494969,P,Ca,1.207328342,50515.89904
18.5,6,e,A2Sigma+,0,0.5,7.907886673,0.400788338,P,Ca,1.349734738,50857.60127
19.5,6,e,A2Sigma+,0,-0.5,4.627776404,0.03587986,P,Ca,0.591213029,51207.61582
0.5,6,f,A2Sigma+,0,-0.5,3.742920525,0.003191545,P,Ca,0.452342008,47302.46131
1.5,6,f,A2Sigma+,0,0.5,3.706027578,0.004462392,P,Ca,0.449185701,47348.04625
2.5,6,f,A2Sigma+,0,-0.5,3.706351811,0.003666206,P,Ca,0.448428424,47416.43635
3.5,6,f,A2Sigma+,0,0.5,3.908095608,0.003778455,P,Ca,0.472749928,47507.12194
4.5,6,f,A2Sigma+,0,-0.5,4.524199413,0.005049505,P,Ca,0.547953434,47619.82061
5.5,6,f,A2Sigma+,0,0.5,5.156844367,0.005700205,P,Ca,0.624521529,47754.51221
6.5,6,f,A2Sigma+,0,-0.5,5.490998076,0.007523377,P,Ca,0.666443147,47910.89981
7.5,6,f,A2Sigma+,0,0.5,7.445690141,0.051982167,P,Ca,0.945464984,48087.93466
8.5,6,f,A2Sigma+,0,-0.5,9.2426704,0.025600674,P,Ca,1.134721122,48286.49613
9.5,6,f,A2Sigma+,0,0.5,9.797384065,0.031272571,P,Ca,1.206958659,48504.3759
10.5,6,f,A2Sigma+,0,-0.5,14.55348282,0.055077001,P,Ca,1.801494939,48741.45904
11.5,6,f,A2Sigma+,0,0.5,24.46781606,0.071964678,P,Ca,3.008102605,48996.94623
12.5,6,f,A2Sigma+,0,-0.5,40.09415494,0.141610537,P,Ca,4.952909129,49269.93117
13.5,6,f,A2Sigma+,0,0.5,43.86236036,0.212260264,P,Ca,5.475743507,49559.38548
14.5,6,f,A2Sigma+,0,-0.5,34.03272647,0.149594949,P,Ca,4.233522125,49864.13727
15.5,6,f,A2Sigma+,0,0.5,20.07919641,0.061655194,P,Ca,2.471158764,50182.84273
16.5,6,f,A2Sigma+,0,-0.5,11.59064771,0.031039488,P,Ca,1.421917212,50513.94297
17.5,6,f,A2Sigma+,0,0.5,8.388769571,0.058541543,P,Ca,1.065193892,50855.59882
0.5,7,e,A2Sigma+,0,0.5,6.208042697,0.008707793,P,Ca,0.753672917,48904.19013
1.5,7,e,A2Sigma+,0,-0.5,6.071081822,0.00800578,P,Ca,0.736535599,48924.46012
2.5,7,e,A2Sigma+,0,0.5,5.756784273,0.009427783,P,Ca,0.700241896,48964.87582
3.5,7,e,A2Sigma+,0,-0.5,5.296129281,0.006034447,P,Ca,0.641569961,49024.93096
4.5,7,e,A2Sigma+,0,0.5,4.952572932,0.017835732,P,Ca,0.612144484,49104.85815
5.5,7,e,A2Sigma+,0,-0.5,5.140104538,0.004904088,P,Ca,0.621716633,49204.56627
6.5,7,e,A2Sigma+,0,0.5,5.084132843,0.01088877,P,Ca,0.620984712,49322.6548
7.5,7,e,A2Sigma+,0,-0.5,5.035655283,0.01431777,P,Ca,0.618596404,49459.37794
8.5,7,e,A2Sigma+,0,0.5,4.957724163,0.010189621,P,Ca,0.605116521,49613.96406
9.5,7,e,A2Sigma+,0,-0.5,4.781720152,0.012421556,P,Ca,0.586227975,49785.71325
10.5,7,e,A2Sigma+,0,0.5,4.587984314,0.011205096,P,Ca,0.561763213,49973.76324
11.5,7,e,A2Sigma+,0,-0.5,5.090407607,0.01113392,P,Ca,0.621982833,50177.12559
13.5,7,e,A2Sigma+,0,-0.5,8.236745784,0.140940373,P,Ca,1.129349867,50624.92308
14.5,7,e,A2Sigma+,0,0.5,10.42989455,0.033552201,P,Ca,1.285139547,50866.32846
15.5,7,e,A2Sigma+,0,-0.5,19.17861296,0.399048732,P,Ca,2.700482287,51116.82653
16.5,7,e,A2Sigma+,0,0.5,33.0382778,0.136456514,P,Ca,4.10104985,51373.83943
0.5,7,f,A2Sigma+,0,-0.5,6.192063492,0.009183225,P,Ca,0.752230844,48924.46655
1.5,7,f,A2Sigma+,0,0.5,5.874748449,0.010957864,P,Ca,0.715927678,48964.81209
2.5,7,f,A2Sigma+,0,-0.5,5.269632426,0.045112537,P,Ca,0.677468428,49024.84321
3.5,7,f,A2Sigma+,0,0.5,5.059535898,0.020682109,P,Ca,0.627826417,49104.73584
4.5,7,f,A2Sigma+,0,-0.5,5.288893158,0.005393267,P,Ca,0.640060446,49203.72947
5.5,7,f,A2Sigma+,0,0.5,5.060233059,0.009791111,P,Ca,0.617019078,49321.87151
6.5,7,f,A2Sigma+,0,-0.5,5.187889812,0.008847554,P,Ca,0.631394331,49458.24981
7.5,7,f,A2Sigma+,0,0.5,5.093326467,0.011576193,P,Ca,0.622775369,49613.05894
8.5,7,f,A2Sigma+,0,-0.5,4.744985998,0.019936045,P,Ca,0.589334365,49784.72434
9.5,7,f,A2Sigma+,0,0.5,4.601629696,0.011671249,P,Ca,0.563866813,49972.68004
10.5,7,f,A2Sigma+,0,-0.5,5.119543163,0.022046172,P,Ca,0.636391352,50175.95667
12.5,7,f,A2Sigma+,0,-0.5,7.635389149,0.014301424,P,Ca,0.930548122,50623.61533
13.5,7,f,A2Sigma+,0,0.5,9.486433651,0.029968599,P,Ca,1.168340637,50864.97239
14.5,7,f,A2Sigma+,0,-0.5,13.99516981,0.089457487,P,Ca,1.768877864,51115.4407
15.5,7,f,A2Sigma+,0,0.5,26.32255944,0.070046374,P,Ca,3.228753507,51372.44849
0.5,8,e,A2Sigma+,0,0.5,60.56812764,0.167925191,P,Ca,7.436100508,50177.97075
1.5,8,e,A2Sigma+,0,-0.5,56.37463607,0.523798253,P,Ca,7.288754581,50194.74901
2.5,8,e,A2Sigma+,0,0.5,50.53118508,0.194473783,P,Ca,6.258215993,50228.05525
3.5,8,e,A2Sigma+,0,-0.5,42.77121047,0.073395384,P,Ca,5.205940641,50277.6426
4.5,8,e,A2Sigma+,0,0.5,34.92164036,0.091559317,P,Ca,4.282156161,50343.28161
5.5,8,e,A2Sigma+,0,-0.5,29.1294035,0.048201919,P,Ca,3.543730338,50424.3097
6.5,8,e,A2Sigma+,0,0.5,22.12551893,0.188270124,P,Ca,2.843332396,50520.20258
7.5,8,e,A2Sigma+,0,-0.5,18.14450475,0.167331435,P,Ca,2.344672006,50630.31294
8.5,8,e,A2Sigma+,0,0.5,15.48058079,0.212082586,P,Ca,2.069752281,50753.57698
9.5,8,e,A2Sigma+,0,-0.5,12.46303128,0.050057253,P,Ca,1.545621006,50888.50876
10.5,8,e,A2Sigma+,0,0.5,9.353385649,0.018758398,P,Ca,1.141164676,51035.89811
11.5,8,e,A2Sigma+,0,-0.5,9.398442504,0.144888692,P,Ca,1.272701792,51190.98603
12.5,8,e,A2Sigma+,0,0.5,11.47044609,0.041945369,P,Ca,1.418398901,51352.49932
0.5,8,f,A2Sigma+,0,-0.5,59.41295255,0.119967504,P,Ca,7.24952181,50194.43101
1.5,8,f,A2Sigma+,0,0.5,53.78658639,0.253883848,P,Ca,6.708274214,50227.62391
2.5,8,f,A2Sigma+,0,-0.5,45.31676726,0.094994306,P,Ca,5.533006378,50277.07513
3.5,8,f,A2Sigma+,0,0.5,38.68634018,0.149484698,P,Ca,4.791845519,50342.46601
4.5,8,f,A2Sigma+,0,-0.5,32.347635,0.058024757,P,Ca,3.939740957,50423.43692
5.5,8,f,A2Sigma+,0,0.5,24.13778415,0.040722424,P,Ca,2.937256522,50519.1767
6.5,8,f,A2Sigma+,0,-0.5,19.37942518,0.166789339,P,Ca,2.492320361,50629.08481
7.5,8,f,A2Sigma+,0,0.5,17.33015585,0.171610559,P,Ca,2.251229261,50752.12394
8.5,8,f,A2Sigma+,0,-0.5,12.14717836,0.410258974,P,Ca,1.867920378,50886.86997
9.5,8,f,A2Sigma+,0,0.5,10.00819005,0.045721779,P,Ca,1.246704585,51034.59422
10.5,8,f,A2Sigma+,0,-0.5,9.990377718,0.047781248,P,Ca,1.246626574,51189.65476
11.5,8,f,A2Sigma+,0,0.5,11.2582858,0.035380136,P,Ca,1.386374432,51351.16247
0.5,9,e,A2Sigma+,0,0.5,158.5389677,0.452181493,P,Ca,19.47685762,51015.60257
1.5,9,e,A2Sigma+,0,-0.5,173.7343695,0.430069774,P,Ca,21.27819412,51027.40647
2.5,9,e,A2Sigma+,0,0.5,200.677456,1.218368241,P,Ca,25.29966297,51050.81693
3.5,9,e,A2Sigma+,0,-0.5,245.6272577,4.990878217,P,Ca,34.46614914,51085.24407
4.5,9,e,A2Sigma+,0,0.5,277.2677629,1.080442749,P,Ca,34.35257429,51130.30821
5.5,9,e,A2Sigma+,0,-0.5,258.9480273,2.106823539,P,Ca,33.18058681,51184.84965
6.5,9,e,A2Sigma+,0,0.5,198.7313691,1.445188149,P,Ca,25.29295245,51247.65609
7.5,9,e,A2Sigma+,0,-0.5,131.6139294,0.760696699,P,Ca,16.55436823,51316.83032
8.5,9,e,A2Sigma+,0,0.5,88.04842105,0.274543264,P,Ca,10.84035379,51389.29252
0.5,9,f,A2Sigma+,0,-0.5,171.3396848,0.433105864,P,Ca,20.99386804,51027.11502
1.5,9,f,A2Sigma+,0,0.5,198.3584315,1.957247101,P,Ca,25.76025888,51050.23835
2.5,9,f,A2Sigma+,0,-0.5,244.9695048,2.4608854,P,Ca,31.85722598,51084.6407
3.5,9,f,A2Sigma+,0,0.5,300.3911882,1.405743928,P,Ca,37.45268651,51129.45299
4.5,9,f,A2Sigma+,0,-0.5,310.5573989,1.106222566,P,Ca,38.37311044,51183.81171
5.5,9,f,A2Sigma+,0,0.5,258.0808296,0.693143109,P,Ca,31.66284266,51246.37256
6.5,9,f,A2Sigma+,0,-0.5,165.9520859,1.342832399,P,Ca,21.25708271,51315.3218
7.5,9,f,A2Sigma+,0,0.5,108.2965188,0.504822375,P,Ca,13.50040463,51387.67018
0.5,10,e,A2Sigma+,0,0.5,277.3962358,0.759318165,P,Ca,34.04686646,51369.58644
1.5,10,e,A2Sigma+,0,-0.5,310.7366177,2.477719805,P,Ca,39.76611393,51375.71203
2.5,10,e,A2Sigma+,0,0.5,396.679874,1.474354306,P,Ca,49.07593919,51387.66007
3.5,10,e,A2Sigma+,0,-0.5,590.3849421,9.69461249,P,Ca,80.54080554,51404.81554
4.5,10,e,A2Sigma+,0,0.5,1039.754842,7.382819153,P,Ca,132.1534002,51426.15076
5.5,10,e,A2Sigma+,0,-0.5,1248.317733,28.23204533,P,Ca,178.0301733,51449.96482
0.5,10,f,A2Sigma+,0,-0.5,307.2264719,0.830801458,P,Ca,37.69797809,51375.67804
1.5,10,f,A2Sigma+,0,0.5,381.9676415,2.398416711,P,Ca,48.23453369,51387.60576
2.5,10,f,A2Sigma+,0,-0.5,567.4866191,5.116422527,P,Ca,73.21481682,51404.7445
3.5,10,f,A2Sigma+,0,0.5,988.4444894,14.32283507,P,Ca,132.9361738,51426.06829
4.5,10,f,A2Sigma+,0,-0.5,1278.547157,3.788986818,P,Ca,157.2146456,51449.87859
22.5,0,e,A2Sigma+,0,0.5,5328477.383,293592.0156,BFP,Es,2904545.933,40513.80704
23.5,0,e,A2Sigma+,0,-0.5,4703421.787,259152.2837,BFP,Es,2563828.959,41198.18042
24.5,0,e,A2Sigma+,0,0.5,2208991.301,121712.4822,BFP,Es,1204118.22,41903.77157
25.5,0,e,A2Sigma+,0,-0.5,1109451.935,61129.32578,BFP,Es,604760.7739,42629.54709
13.5,0,f,A2Sigma+,0,0.5,6322599.63,348366.829,FN,Es,3446440.648,35911.74237
23.5,0,f,A2Sigma+,0,0.5,6555802.191,361215.9799,BFP,Es,3573559.053,41898.89365
25.5,0,f,A2Sigma+,0,0.5,760844.7162,41921.53176,BFP,Es,186482.0278,43369.27648
7.5,1,e,A2Sigma+,0,-0.5,13496407.21,743634.0837,FN,Es,7356873.616,36326.77917
8.5,1,e,A2Sigma+,0,0.5,25442079.05,1401824.712,FN,Es,13868443.45,36580.78425
9.5,1,e,A2Sigma+,0,-0.5,5599496.881,308524.8294,FN,Es,3052278.301,36865.28726
10.5,1,e,A2Sigma+,0,0.5,8208231.227,452262.6216,FN,Es,4474295.923,37179.85504
11.5,1,e,A2Sigma+,0,-0.5,7113860.82,391964.268,BFP,Es,3877756.07,37524.00885
12.5,1,e,A2Sigma+,0,0.5,11758249.98,647863.9325,BFP,Es,6409406.422,37897.22445
13.5,1,e,A2Sigma+,0,-0.5,5019771.07,276582.7084,BFP,Es,2736270.532,38298.9334
14.5,1,e,A2Sigma+,0,0.5,6539686.254,360328.0132,BFP,Es,3564774.278,38728.52299
15.5,1,e,A2Sigma+,0,-0.5,580400.4251,31979.29135,BFP,Es,142255.3721,39185.33764
18.5,1,e,A2Sigma+,0,0.5,189554.4624,10444.19872,BFP,Es,46459.54657,40711.93911
13.5,1,f,A2Sigma+,0,0.5,4810466.762,265050.3195,FN,Es,2622179.033,38725.51337
14.5,1,f,A2Sigma+,0,-0.5,1999622.839,110176.5585,BFP,Es,1089991.75,39182.14122
5.5,2,f,A2Sigma+,0,0.5,52773.60273,2907.755309,BFP,Es,9240.587637,38859.95261
27.5,3,e,A2Sigma+,0,-0.5,3.715905424,0.204741446,FN,Es,0.650650097,50536.13901
26.5,3,f,A2Sigma+,0,-0.5,4.057838496,0.223581503,FN,Es,0.710522123,50536.27665
27.5,3,f,A2Sigma+,0,0.5,3.121506502,0.171990856,FN,Es,0.546571636,51153.85945
19.5,4,e,A2Sigma+,0,-0.5,3.206132142,0.176653616,FN,Es,0.561389473,48030.04679
20.5,4,e,A2Sigma+,0,0.5,2.810502874,0.15485497,FN,Es,0.492115315,48498.82541
21.5,4,e,A2Sigma+,0,-0.5,2.478181533,0.136544506,FN,Es,0.43392629,48985.08544
22.5,4,e,A2Sigma+,0,0.5,2.429896284,0.133884053,FN,Es,0.425471607,49485.53847
23.5,4,e,A2Sigma+,0,-0.5,2.249249127,0.123930635,FN,Es,0.39384053,49998.696
24.5,4,e,A2Sigma+,0,0.5,2.313159328,0.127452002,FN,Es,0.405031121,50522.88749
25.5,4,e,A2Sigma+,0,-0.5,2.548750404,0.140432757,FN,Es,0.446282805,51056.20561
15.5,4,f,A2Sigma+,0,0.5,5.486807997,0.302315822,FN,Es,0.960732782,46717.78794
16.5,4,f,A2Sigma+,0,-0.5,4.722664005,0.260212504,FN,Es,0.826932185,47135.14778
18.5,4,f,A2Sigma+,0,-0.5,3.565162083,0.196435688,FN,Es,0.624255138,48026.41101
19.5,4,f,A2Sigma+,0,0.5,3.209404683,0.176833929,FN,Es,0.561962491,48498.41168
20.5,4,f,A2Sigma+,0,-0.5,2.582684922,0.142302504,FN,Es,0.452224694,48981.70856
21.5,4,f,A2Sigma+,0,0.5,2.315416853,0.127576389,FN,Es,0.405426411,49482.07298
22.5,4,f,A2Sigma+,0,-0.5,2.297637801,0.126596786,FN,Es,0.402313323,49995.15402
23.5,4,f,A2Sigma+,0,0.5,2.447897457,0.134875894,FN,Es,0.428623588,50519.28304
24.5,4,f,A2Sigma+,0,-0.5,2.715170192,0.149602266,FN,Es,0.475422689,51052.55526
0.5,5,e,A2Sigma+,0,0.5,2.979139094,0.164146601,FN,Es,0.521643292,45363.73657
3.5,5,e,A2Sigma+,0,-0.5,3.125400851,0.172205429,FN,Es,0.547253532,45513.78893
9.5,5,e,A2Sigma+,0,-0.5,2.651698425,0.146105056,FN,Es,0.464308867,46474.42065
11.5,5,e,A2Sigma+,0,-0.5,2.299067951,0.126675586,FN,Es,0.40256374,46979.78096
13.5,5,e,A2Sigma+,0,-0.5,2.129508683,0.117333096,FN,Es,0.372874138,47570.3925
14.5,5,e,A2Sigma+,0,0.5,2.154008706,0.118683014,FN,Es,0.377164059,47895.82451
15.5,5,e,A2Sigma+,0,-0.5,2.197321038,0.121069466,FN,Es,0.384747991,48240.19879
18.5,5,e,A2Sigma+,0,0.5,3.010625273,0.165881448,FN,Es,0.52715648,49376.74192
19.5,5,e,A2Sigma+,0,-0.5,3.74579515,0.20638833,FN,Es,0.655883748,49786.05801
8.5,5,f,A2Sigma+,0,-0.5,2.65631635,0.146359497,FN,Es,0.465117459,46473.41763
13.5,5,f,A2Sigma+,0,0.5,2.108770092,0.116190427,FN,Es,0.369242838,47894.12824
14.5,5,f,A2Sigma+,0,-0.5,2.080872081,0.114653284,FN,Es,0.364357933,48238.38127
16.5,5,f,A2Sigma+,0,-0.5,2.493237054,0.137374045,FN,Es,0.436562492,48979.75517
17.5,5,f,A2Sigma+,0,0.5,2.983133751,0.164366701,FN,Es,0.522342752,49374.60949
19.5,5,f,A2Sigma+,0,0.5,5.621577224,0.309741427,FN,Es,0.984330694,50205.93724
18.5,6,f,A2Sigma+,0,-0.5,4.913871425,0.270747779,FN,Es,0.86041235,51205.58763
11.5,7,f,A2Sigma+,0,0.5,5.662221045,0.311980847,FN,Es,0.991447373,50393.39339
